controversiality,token,count,rank
0,people,3394933,1
0,like,2629244,2
0,one,1773094,3
0,think,1606273,4
0,trump,1603898,5
0,get,1498109,6
0,even,1400538,7
0,know,1138560,8
0,right,1093278,9
0,time,1066480,10
0,also,1065499,11
0,want,1004518,12
0,see,966120,13
0,going,947834,14
0,make,943618,15
0,way,906518,16
0,israel,875071,17
0,biden,851013,18
0,say,848397,19
0,doesn,845282,20
1,people,209517,1
1,like,136354,2
1,israel,113734,3
1,one,89567,4
1,think,84755,5
1,get,76400,6
1,hamas,76148,7
1,biden,74967,8
1,trump,73847,9
1,even,73587,10
1,right,66689,11
1,want,58728,12
1,know,58063,13
1,also,56179,14
1,war,55133,15
1,going,51824,16
1,time,51087,17
1,doesn,49622,18
1,way,48844,19
1,make,48056,20
