subreddit,year,month,total_comments,controversial_comments,controversy_rate
WhitePeopleTwitter,2023,6,294104,3264,0.0111
WhitePeopleTwitter,2023,7,285086,1052,0.0037
WhitePeopleTwitter,2023,8,341520,3,0.0
WhitePeopleTwitter,2023,9,291632,0,0.0
WhitePeopleTwitter,2023,10,254422,45,0.0002
WhitePeopleTwitter,2023,11,203033,3865,0.019
WhitePeopleTwitter,2023,12,199477,3261,0.0163
WhitePeopleTwitter,2024,1,235265,3060,0.013
WhitePeopleTwitter,2024,2,205014,2209,0.0108
WhitePeopleTwitter,2024,3,195442,2671,0.0137
WhitePeopleTwitter,2024,4,176800,2231,0.0126
WhitePeopleTwitter,2024,5,212510,4092,0.0193
WhitePeopleTwitter,2024,6,185424,2601,0.014
WhitePeopleTwitter,2024,7,240477,3056,0.0127
changemyview,2023,6,43709,1784,0.0408
changemyview,2023,7,45685,744,0.0163
changemyview,2023,8,55702,1,0.0
changemyview,2023,9,72056,0,0.0
changemyview,2023,10,118032,45,0.0004
changemyview,2023,11,122477,6142,0.0501
changemyview,2023,12,126450,7502,0.0593
changemyview,2024,1,142400,7983,0.0561
changemyview,2024,2,148514,9178,0.0618
changemyview,2024,3,138909,7437,0.0535
changemyview,2024,4,146411,8528,0.0582
changemyview,2024,5,156958,10347,0.0659
changemyview,2024,6,125355,7522,0.06
changemyview,2024,7,132210,7438,0.0563
conspiracy,2023,6,79887,7023,0.0879
conspiracy,2023,7,92372,3335,0.0361
conspiracy,2023,8,119653,23,0.0002
conspiracy,2023,9,112750,0,0.0
conspiracy,2023,10,137583,106,0.0008
conspiracy,2023,11,120410,10380,0.0862
conspiracy,2023,12,130721,13461,0.103
conspiracy,2024,1,183050,17770,0.0971
conspiracy,2024,2,158571,16599,0.1047
conspiracy,2024,3,173743,14733,0.0848
conspiracy,2024,4,162659,13420,0.0825
conspiracy,2024,5,154381,13974,0.0905
conspiracy,2024,6,139392,12628,0.0906
conspiracy,2024,7,189913,17863,0.0941
news,2023,6,184934,9987,0.054
news,2023,7,150926,3121,0.0207
news,2023,8,185000,9,0.0
news,2023,9,185698,1,0.0
news,2023,10,280782,224,0.0008
news,2023,11,242050,25324,0.1046
news,2023,12,195699,14567,0.0744
news,2024,1,234421,15958,0.0681
news,2024,2,227815,16096,0.0707
news,2024,3,225993,14247,0.063
news,2024,4,232636,19725,0.0848
news,2024,5,218519,16390,0.075
news,2024,6,190812,11704,0.0613
news,2024,7,204241,11627,0.0569
politics,2023,6,335504,9511,0.0283
politics,2023,7,246297,3141,0.0128
politics,2023,8,394973,14,0.0
politics,2023,9,326897,2,0.0
politics,2023,10,444382,136,0.0003
politics,2023,11,427492,19136,0.0448
politics,2023,12,394704,17810,0.0451
politics,2024,1,500598,19144,0.0382
politics,2024,2,514058,19794,0.0385
politics,2024,3,532630,16742,0.0314
politics,2024,4,434957,17872,0.0411
politics,2024,5,493374,22623,0.0459
politics,2024,6,502137,21787,0.0434
politics,2024,7,1108778,59280,0.0535
worldnews,2023,6,287495,18065,0.0628
worldnews,2023,7,234154,6282,0.0268
worldnews,2023,8,276625,105,0.0004
worldnews,2023,9,292150,6,0.0
worldnews,2023,10,901300,757,0.0008
worldnews,2023,11,519697,42558,0.0819
worldnews,2023,12,390065,31820,0.0816
worldnews,2024,1,417749,31376,0.0751
worldnews,2024,2,370474,27239,0.0735
worldnews,2024,3,389955,26417,0.0677
worldnews,2024,4,369301,30242,0.0819
worldnews,2024,5,443215,35814,0.0808
worldnews,2024,6,341910,22516,0.0659
worldnews,2024,7,294750,21231,0.072
